"Device name","Comment"
"X000","車廂1F鈕"
"X001","車廂2F鈕"
"X002","車廂3F鈕"
"X003","車廂4F鈕"
"X004","1F上呼鈕"
"X005","2F上呼鈕"
"X006","3F上呼鈕"
"X007","2F下呼鈕"
"X010","3F下呼鈕"
"X011","4F下呼鈕"
"X012","1F平層"
"X013","2F平層"
"X014","3F平層"
"X015","4F平層"
"X016","開門到位"
"X017","關門到位"
"X020","開門鈕"
"X021","關門鈕"
"X022","門口光電"
"X023","超載"
"X024","安全迴路正常"
"X025","上極限正常"
"X026","下極限正常"
"X027","故障復歸鈕"
"Y000","馬達上升"
"Y001","馬達下降"
"Y002","低速"
"Y003","開門"
"Y004","關門"
"Y005","上行方向燈"
"Y006","下行方向燈"
"Y007","故障燈"
"Y010","車廂1F燈"
"Y011","車廂2F燈"
"Y012","車廂3F燈"
"Y013","車廂4F燈"
"Y014","1F上呼燈"
"Y015","2F上呼燈"
"Y016","3F上呼燈"
"Y017","2F下呼燈"
"Y020","3F下呼燈"
"Y021","4F下呼燈"
"Y022","超載蜂鳴器"
"Y023","樓層BCD 1"
"Y024","樓層BCD 2"
"Y025","樓層BCD 4"
"Y026","樓層BCD 8"
"Y027","服務中"
"M101","1F車廂呼叫"
"M102","2F車廂呼叫"
"M103","3F車廂呼叫"
"M104","4F車廂呼叫"
"M111","1F上呼記憶"
"M112","2F上呼記憶"
"M113","3F上呼記憶"
"M122","2F下呼記憶"
"M123","3F下呼記憶"
"M124","4F下呼記憶"
"M131","1F有呼叫"
"M132","2F有呼叫"
"M133","3F有呼叫"
"M134","4F有呼叫"
"M141","目前1F"
"M142","目前2F"
"M143","目前3F"
"M144","目前4F"
"M150","在平層區"
"M151","平層重複ON"
"M152","到達其他樓層"
"M153","抵達新樓層"
"M154","樓層順序錯誤"
"M155","有平層訊號"
"M160","上方有呼叫"
"M161","下方有呼叫"
"M162","最近呼叫在上"
"M170","本層上呼"
"M171","本層下呼"
"M172","本層車廂呼叫"
"M173","停靠樓層中"
"M174","上行已無呼叫"
"M175","下行已無呼叫"
"M176","停靠無方向"
"M200","初始化"
"M201","找樓層"
"M202","待命"
"M203","開門中"
"M204","開門停留"
"M205","關門中"
"M206","起動延遲"
"M207","運行"
"M208","停車"
"M209","再平層"
"M210","故障"
"M220","方向上"
"M221","方向下"
"M222","運轉方向上"
"M223","運轉方向下"
"M224","上升命令"
"M225","下降命令"
"M227","找樓層關門"
"M228","停妥後開門"
"M229","開門停留暫停"
"M230","服務本層"
"M231","本層要停"
"M232","本掃描已轉移"
"M234","關門逾時"
"M235","重新開門要求"
"M236","需要再平層"
"M237","原為下行"
"M238","復歸脈衝"
"M239","接受呼叫"
"M240","有故障"
"M241","安全迴路故障"
"M242","門鎖故障"
"M243","極限故障"
"M244","位置故障"
"M245","運行逾時"
"M250","初始化完成"
"M251","起動"
"M252","開始再平層"
"M253","馬達運轉狀態"
"M300","樓層位元0"
"M301","樓層位元1"
"M302","樓層位元2"
"M303","樓層位元3"
"T0","初始化1秒"
"T1","找樓層關門逾時"
"T2","開門逾時"
"T3","開門停留"
"T4","關門逾時"
"T5","起動延遲"
"T6","煞車延遲"
"T7","高速運行限時"
"T8","低速運行限時"
"C0","關門失敗次數"
"C1","再平層次數"
"D0","目前樓層"
"D1","故障碼"
"D2","感測器樓層"
"D4","目前樓層+1"
"D5","目前樓層-1"
"D6","上方最近呼叫"
"D7","下方最近呼叫"
"D8","到上方距離"
"D9","到下方距離"
"D11","新故障碼"
"M8000","RUN監視"
"M8002","初始脈衝"
